{
	"SS_simData": {
		"Altitude": 34000,
		"Mach": 0.8,
		"Delta": 0,
		"S15": {
			"P15": 9.036942271,
			"T15": 527.7265574
		},
		"S2": {
			"P2": 5.534371616,
			"T2": 448.6190309
		},
		"S21": {
			"P21": 9.105231507,
			"T21": 527.7265574
		},
		"S25": {
			"P25": 22.51494647,
			"T25": 708.0053707
		},
		"S3": {
			"P3": 126.4809633,
			"T3": 1211.386412
		},
		"S3all": {
			"Ps3": 67.09261848,
			"Ts3": 1019.686523
		},
		"S4": {
			"P4": 119.5245103,
			"T4": 2376.847633
		},
		"S45": {
			"P45": 44.50984099,
			"T45": 1853.422174
		},
		"S5": {
			"P5": 9.031612397,
			"T5": 1285.136319
		},
		"Thrust": {
			"Fgross": 27771.75185,
			"Fnet": 11279.94766
		},
		"TSFC": 0.6108538982,
		"FAN": {
			"Wc": 3211.411471,
			"PR": 1.449032679
		},
		"LPC": {
			"Wc": 196.6662136,
			"PR": 1.455137336
		},
		"HPC": {
			"Wc": 203.6883877,
			"PR": 22.34833294
		},
		"HPT": {
			"Wc": 30.15919636,
			"PR": 4.933937524
		},
		"LPT": {
			"Wc": 148.071832,
			"PR": 6.410861003
		}
	}
}
