{
	"nowlength": 10,
	"cycles_out": [0,1,21,41,61,81,101,121,141,161,181],
	"TSFC_out": [0,0.3637955224,0.3668025515,0.3692198566,0.3712334704,0.3730396309,0.3748311508,0.376952692,0.3795338581,0.3828144425,0.3871719265],
	"EGT_out": [0,2164.770257,2178.281168,2187.808058,2194.569782,2199.872261,2204.994796,2212.202512,2222.384055,2237.041847,2259.110573],
	"Fnet_out": [0,49355.60004,49065.56234,48762.26048,48450.15603,48133.36068,47815.37233,47502.84802,47198.99896,46906.85336,46630.69536]
}
